,Position,Average Form,Minimum Form
0,GK,1.532,1.4390136825931077
1,DEF,1.54,1.463378941977025
2,MID,1.589,1.4878173703080413
3,FWD,1.459,1.3414794761103388
