,Position,Average Form,Minimum Form
0,GK,1.43,1.3500074996250186
1,DEF,1.555,1.4000299985000748
2,MID,1.525,1.4499775011249436
3,FWD,1.54,1.275011249437528
