,Position,Average Form,Minimum Form
0,GK,1.537,1.5121826296919587
1,DEF,1.582,1.463378941977025
2,MID,1.608,1.5121826296919587
3,FWD,1.449,1.2683105290114876
